"","EUNL.DE","EXXT.DE","XD9U.DE","IQQH.DE","DBX1.DE","IS3N.DE","SXR8.DE","XDUK.DE","EXS1.DE","SPYW.DE","EUNS.DE","SXRJ.DE","VUSA.DE","VGVE.DE","VGEA.DE","EUNM.DE","EUNH.DE","IBCI.DE","XDWD.DE","XMME.DE","XDJP.DE","XDEM.DE","XCS6.DE","XCS5.DE","CEMG.DE","CEUG.DE","XESC.DE","XDWT.DE","XUEM.DE","SPPX.DE","XD5E.DE","XDW0.DE","XD9D.DE","EQQQ.DE","IQQW.DE","IQQD.DE","IQQE.DE","IQQA.DE","IQQJ.DE","IQQK.DE","IQQT.DE","IQQN.DE","SXR1.DE","SXR2.DE","SXR3.DE","SXR4.DE","SXR5.DE","SXR6.DE","SXR7.DE","SXRV.DE","ZPRV.DE","ZPRS.DE","ZPRA.DE","ZPRC.DE","ZPRE.DE","ZPRG.DE","XS6R.DE"
"1",0.0315485793972782,0.00536001238610648,0.0313320018276731,-0.146884003261104,0.00977111608776101,0.0160181177198458,0.0334377582830612,0.0358020675253738,0.0269214084924167,0.0134520649958082,-0.0022999931199278,0.0413413401564413,0.0335518609264873,0.0310906816937194,-0.0205317067918849,0.010440610987923,-0.0208506322392817,-0.014302218522172,0.0322715134977397,0.0107331459795485,0.0359990889510122,-0.000364483075362998,-0.00346704445282534,0.047983941356491,-0.00416490875141973,0.0274104537764262,0.0463646916516001,0.0181350587266205,-0.0332045448126587,-0.079611320859941,0.0372259834276209,0.142588216814487,4.0020102717951e-05,0.00495247143935934,0.0295780685993077,0.046252684024935,0.0104492655270577,0.052103182425237,0.0218226778081032,-0.00709291256216964,0.04626582221904,0.0334625758086441,0.0351362679457639,0.0549704614712231,0.0396582627944626,0.0313524963328913,0.0226716032713867,0.00670580230044646,0.0384724726474883,0.00479700609332684,0.0836261984551561,0.0510792495860543,0.0198878771532925,0.02590493475906,0.0368345126043384,0.0404450686925,-0.0591125302640612
"2",0.0596812931150879,0.039661754386842,0.062490808599605,-0.0465509838533507,0.0174475803569937,0.0188254597434118,0.0674013819066502,0.0611919169534283,0.0837425351042338,0.0679930279398488,0.00351554513416564,0.0508155183773922,0.0675703556001589,0.0604577526383425,0.00247435947774786,0.0168675594548722,0.00283793862604934,0.0235492719023976,0.0585200141613633,0.0146140578954834,-0.000211721698927653,0.02685688175653,-0.0406386514820035,0.0625307446772364,0.00357098276264739,0.0624077933968915,0.0753757382318934,0.0328784194448131,0.0259026776553831,0.0083854185847603,0.0630522387673387,0.0545631072493712,0.0609933920350884,0.0396751683512717,0.0591213938341428,0.085466949361917,0.0171379510572976,0.09334813604287,0.0350961293530459,0.0443370453289913,0.0522974950908234,0.0620109618111505,0.0430895004278747,0.0743220111434224,0.0578332276361775,0.0628639094334914,0.0346017824747845,0.0434850780367434,0.0624822669090996,0.0399503469550258,0.0883150364347795,0.0494180096161678,0.0656498103986739,-0.00677941726551253,0.0617950640116482,0.0793384995889241,0.0667029681477872
"3",0.0192371753138964,0.0323396727819542,0.0259119978291225,-0.0634045894099569,-0.0123322704821519,-0.00683383461908004,0.0252667989485477,0.01705599964634,0.00764371348566699,0.00312841516859969,-4.49512100293282e-05,0.0280282921377945,0.0250558914569812,0.0177021760592032,-0.0102325803273552,-0.00793874291355132,-0.0110951730681531,-0.00633158330612745,0.0188334317126078,-0.00904820903992804,-0.0292180036449006,0.0431805415454634,-0.0180053932727608,-0.0463588389759768,-0.00835210215871672,0.0201561670769428,0.017658319254145,0.0297910987940928,-0.00393215807990288,-0.0090999683206575,0.0211870218663326,-0.0182282818883473,0.0263428061183237,0.0325422200674473,0.0195053738270688,0.00722990529251624,-0.00993141128165104,-0.00467461128995305,-0.0422585847501723,-0.00936339792774421,0.0430128566873956,0.0262911927429956,0.0102564553473812,0.0213036283573961,0.0157662333190958,0.0255506996620614,-0.041379051824891,-0.0496864184530361,0.0223513612543459,0.0322935972971637,0.0121294976995527,0.0136326700648726,-0.0177363915520089,0.00881328877354169,0.0212358267058235,0.00430463322741241,0.00369006162835808
"4",-0.00299094855586968,-0.032156092880554,-0.0142805846151195,-0.0275275879658262,0.00938474020973036,0.00718383635081313,-0.0118208959516664,0.0209643287238119,0.0175605162808226,0.0288092574833671,-0.001395867951122,0.0293165203173863,-0.0119278733294981,-0.00320807964532454,-0.000745519160615068,0.0075366091035292,7.63074543320493e-05,0.0073829939987431,-0.00240677417931996,0.0110764360191563,-0.0166838007354148,-0.0308353956607403,-0.0103652992240204,0.0700955430943948,-0.00269946646605549,0.0257025906391861,0.0257552623369713,-0.0310102800170057,-0.00457488379174511,-0.013482974498738,0.0268354634546721,0.0312014038163627,-0.0138684601606776,-0.0321764668780425,-0.00338526492558745,0.0345733234675068,0.00776084663881631,0.0339426578610064,-0.0036538018992365,-0.00301484810618339,-0.0277837277378364,-0.0122139808435023,0.00449563050543593,0.03991541639686,0.0194832295367553,-0.0146081232808184,-0.00375205036161349,-0.00640921530240217,0.0256716244051808,-0.0319765202475423,0.0117654845955466,-0.01164021939905,0.00140250927590869,-0.0317804805154301,0.0267035817899994,0.0157207337525735,0.00982931956008774
"5",0.0462980854880499,0.0944706775415407,0.0600156236785902,0.0570752019591956,0.031288672659268,0.0351647585213845,0.0554207834229412,0.00544469763567826,0.00715105720058338,-0.00108454198727962,0.00130603186210941,-0.00692046575566869,0.0553977521103993,0.0447297544091046,0.00420516639768961,0.0319833524832542,0.00381324135058764,0.00214317876153739,0.0462312317863603,0.0319409610309219,0.010709586784452,0.0423258525757554,0.0362967100812502,0.021646867906112,0.0540751930851705,0.0163500717247014,0.00689603099022182,0.0989633039606126,0.040681873460076,0.0732442781255383,0.0113301260666869,0.0553666516717626,0.0598225112619395,0.094089305329913,0.0461632069434289,-0.00264018106332577,0.0324172842156603,-0.00633168321721875,0.0236709832517761,0.0390463994058868,0.0384303860517252,0.0579908665878791,0.0146675640069331,0.0219399760959054,0.0100708860193656,0.0597052383977086,0.0237221894944099,0.0318068590589634,0.0117583099314923,0.0944596583861657,0.0192709084359564,0.0329370281669748,0.0190876267181453,0.0522884372016183,0.010420205055983,0.00748185261447235,-0.0200944600673761
"6",0.0181656471861412,0.0247740551688285,0.0233660197975256,-0.0315892219340142,-0.0629200006455422,-0.0552162173611884,0.0230741146049022,0.00559520210923185,0.000151627927332565,0.025073559569012,0.00451740488362901,0.0226396983481597,0.0235954968033818,0.0166458278623104,0.0183248715268335,-0.0635279549048925,0.0184261626916302,0.027238332973952,0.0192652117057085,-0.0634139733708101,-0.0301892256323566,0.0167716725074259,-0.15015545983282,0.0146813643579703,-0.0867398721784006,0.0191307702426169,0.00700749218293979,0.0311520260535134,0.00220096709352876,0.0324250072056117,0.0130050689896694,-0.0613998261929389,0.0230510347000205,0.0256296587756117,0.0186011676942754,0.0236406671545723,-0.0646910578816954,0.0133578480923963,-0.00987088630595041,-0.050052330689603,-0.0125038019931052,0.0219821946700057,-0.0103235276753207,-0.000404432470125238,0.00857436462912534,0.0236131263930402,-0.00303158363958621,-0.00591811282782687,0.01217162001182,0.0245025807698295,-0.0203647082079394,-0.00476946373788544,-0.034150455923387,-0.0248782958778906,0.0138332074709261,-0.00492493238556493,0.0184352847512693
"7",0.0306694575945093,0.0471575705945979,0.0351076524611571,0.0296440253517132,0.0238779355869093,0.0183957751782498,0.0362965493800074,0.0157145766788415,0.0175798707224674,0.0213576193934729,-0.0026519770703707,0.0337364220794762,0.0363574617349969,0.029025139550819,-0.00625453055144924,0.0213024484312387,-0.00600224550205483,-0.00362045263615147,0.0291165029573173,0.019800427687519,0.0237326261071114,0.0376138123306057,-0.00691815696042568,0.0987958276333762,0.0173811173030188,0.0196483448909711,0.0247661260307414,0.0471660599290705,0.0146707739541126,0.00239121844777745,0.0235501964660034,-0.00411475668815798,0.0354529098112957,0.0475150298875924,0.0295252782859802,0.0166316151582674,0.0203434908233478,0.0210083272608844,0.0245823552755638,-0.0177097751429107,0.032356104804527,0.0336739047967467,0.00615468758586045,0.0147238429111705,0.0135679675374538,0.0345231770991393,0.0251021680948077,0.047021996321141,0.0243103023241078,0.0478113705681691,0.0258183335534623,0.0261768791130455,0.0128822919060583,0.0224982700813404,0.0233670776036246,0.00852965176162622,0.0416319886453535
"8",-0.0195264741513172,-0.0329039167969981,-0.0225040587821169,-0.0541953226569976,-0.0178444017563179,-0.0110225684610703,-0.0195752768333539,-0.00106364873122845,-0.0362462818815124,-0.0478377814210981,-0.00225295200126084,-0.0359407069919986,-0.0214180674092657,-0.019305700683661,-0.0121445750662486,-0.0162781999237686,-0.012418946581026,0.00370550119935402,-0.0190118009284997,-0.0209415864835653,0.0556060522844804,-0.0144240816017853,-0.0221904390836799,0.0287399335131389,-0.0259514140747753,-0.0309743964419121,-0.0319334251579652,-0.0355492343571013,-0.00696054272900842,-0.014673506140098,-0.0323795392562608,0.114111168984252,-0.022442963847275,-0.0343910088758406,-0.0192030556164975,-0.0267919891176621,-0.0142122592934505,-0.020408555874553,0.0451043082019764,-0.0503647008611167,-0.0224949176341534,-0.0224884386234151,-0.0244478445556595,-0.00961290721648818,-0.00383583114426144,-0.0225898663310418,0.0441490114414367,0.0338701420874447,-0.0325930455001818,-0.0325886415842002,0.00955220116747504,-0.00924645184912302,-0.0013122219618385,-0.00400089166459876,-0.0328366960405078,0.00153589571266794,-0.095883739813007
"9",0.0500232938841644,0.0649103381991697,0.0580096324877066,0.151290009988817,0.00688353857054819,0.00699927423279811,0.0561075234376558,0.0408362065008363,0.0268186438356186,0.01436977296379,-0.00411343788808633,0.0309611702901554,0.0578686592227733,0.0482902673901982,-0.00573584335773119,0.0097550776151617,-0.00477357023648926,0.00148688868347605,0.0503025979781628,0.011015061480396,-0.0363598088074547,0.0671113966867266,0.0271050725961781,-0.00710791896371884,0.0510976332192905,0.0454182008068697,0.0495814175522952,0.0621294251459604,0.0034790018063256,0.0231973431737468,0.0409289444342793,0.073692948704354,0.0579949622734495,0.0660195398314391,0.0499700507449036,0.0373022093141424,0.00436488473397559,0.0153009014627172,-0.0282829300465521,-0.0230417697177826,0.00615554597711745,0.0593152254055558,0.0480572988448385,0.0759269723670041,0.0385996582575747,0.0578703561974714,-0.0273445029884256,-0.0193465890027507,0.0402118714373881,0.0642786438355691,0.0362016969108543,0.0388547663008485,-0.00262972342711226,0.0115635070893837,0.0406091583892998,0.009335523301721,0.0798268755749032
"10",0.00642511906680692,0.050117153753641,0.0209900700268719,-0.0501784358974509,-0.01894518436495,-0.0143075407133897,0.0243408366106016,-0.0311282793964838,-0.0369080042933048,-0.0161525187119372,-9.04676545662877e-05,-0.0409408563647758,0.02408117103304,0.00474075621322084,0.016742430088157,-0.0192171170659569,0.0155352308603352,0.0134506999974058,0.00608963337835894,-0.0169321516933323,-0.020811221209136,-0.00362940817289442,-0.0402418560209845,-0.00593949801993033,-0.0183078527625673,-0.0248395010890434,-0.0424141184250714,0.052504565344123,0.00254063695033515,0.0505828050170413,-0.0333713268552666,-0.0431853692231366,0.0205018034529753,0.0500175476478533,0.00610827231455602,-0.0178909376560859,-0.0196013809377607,-0.0239037900216795,-0.0133389819092917,-0.0192070102030935,0.0479267600662393,0.0184070476365823,-0.0500660243600603,-0.0220010136344614,-0.0289614403395441,0.0210136428522465,-0.0132200996507659,-0.0230543949419462,-0.0316541554422494,0.0498170131469165,-0.00941671023092477,-0.0268399167016304,-0.0104674205785363,-0.0140779069727495,-0.0330582954785395,-0.0052190605888243,-0.0117226579339863
"11",0.0392480093625497,0.0179826235679279,0.0356316853573372,-0.103479144754002,0.0063202216224199,0.0101716693154523,0.0415561851596922,0.0641213115256119,0.0488644376295823,0.0408664887384267,0.00153894398316545,0.0421879855631659,0.0411321386713097,0.0400278218740019,-0.014317442984593,0.00800152300687101,-0.0141197780769437,0.00225916737378549,0.0395224746281039,0.00956432512397803,0.0308395938593488,0.0153347906602005,-0.0593785269120641,0.0209010369521421,-0.0306012632946877,0.0581419948811234,0.0578107134764308,0.0364044229317321,0.0140345490483779,-0.0285139688691633,0.0496483273330199,0.0319716698215616,0.0376492419575658,0.0188675977449036,0.0381520933144999,0.0670382080417983,0.00774619043287855,0.0488525300557108,0.027961654103824,0.0546335494896399,0.0542748552814727,0.0352811214953775,0.0380083814524631,0.0278283344183917,0.0665537977688546,0.0353523740413537,0.0272454810063092,0.0304687532606414,0.0492089102377941,0.0186211577574453,0.042285387277123,0.0308152401592487,0.0421562042222077,-0.0156239804793706,0.0491863684312732,0.0486513758877314,0.0599114776332678
"12",-0.0559492651656862,-0.103297504476521,-0.0663264254108765,-0.119664572291652,0.00901341341290227,0.00630918537998791,-0.0610696850858411,0.0132560405955828,-0.0266481205118888,-0.0388611349874177,-0.00672065351245036,-0.0395911312693519,-0.0608631296708898,-0.0552746942272462,-0.0132785181911768,0.0096053890927648,-0.0130288436239395,-0.00494327988767174,-0.0554868182433932,0.00887252577284574,-0.0571327834571181,-0.0872465144869346,0.0258808326718469,0.00594886771964869,-0.0336647027145189,-0.0358974265373197,-0.0305704302126456,-0.101835870047318,-0.0231286954648075,-0.0212136866111929,-0.0380507923458864,0.145486753267778,-0.0645242556951034,-0.104287249955382,-0.0557630992745115,0.0359643789791414,0.0125942576639622,0.0030546447735574,-0.0538904842081301,-0.0781361802798452,-0.0235978939832046,-0.0634639071702111,-0.0483836903360059,-0.00235166202458937,0.0186288163688357,-0.0657730721086295,-0.047505147894858,-0.0537424112917111,-0.0373227791695333,-0.103756981842587,-0.0497173087792441,-0.0787211720199319,-0.00744868364292197,-0.0538759615387251,-0.0370958277536489,0.0120033923419707,-0.0256224483782081
"13",-0.0172563970530688,-0.0330136450512354,-0.0169755020909961,0.118724453465874,-0.0381825548323386,-0.0371400712869263,-0.0193005390021381,-0.000325179679368281,-0.0670439448043841,-0.0474108995996136,-0.010872407460382,-0.0325736941309489,-0.0195991375938866,-0.0181779009968445,-0.0184834293337657,-0.0396698299090084,-0.0181904584165523,-0.000336029207644059,-0.0181085044885592,-0.0400720781531749,-0.00853450554873613,-0.0119003131925947,-0.0539672361853439,-0.0418549784761232,-0.0466123011167164,-0.0325704353841228,-0.0604798321349023,-0.0350586174481724,-0.068402183789467,-0.0252484697683958,-0.0541661733158849,0.0498454212591285,-0.0185214927356367,-0.0328726660364022,-0.0173325761869194,-0.0115930287797744,-0.0368632855685875,-0.0761242868103996,-0.00118994858065205,-0.00404428854127328,-0.0168966529375604,-0.0170618322219586,0.0301516241877437,0.0064229998279191,0.00641126535964938,-0.0187222725014596,-0.000544679177053619,0.00421326548921527,-0.0552827313179358,-0.0324308533902228,0.0350198908306525,0.0178217200795513,0.0018602709616773,-0.00847130927080777,-0.0529258731935671,0.000720524896267659,0.0103905195280429
"14",0.0457260305481561,0.0631169483203454,0.0565694734458832,0.0504459799963502,-0.0174640921141789,-0.00865202002912132,0.0589936669776898,0.00729154971504148,-0.00359597019737411,0.00781092804195122,-0.00982681031586986,0.0049636903107262,0.0595622483751023,0.0446000439698255,-0.0244521741880339,-0.0148876314202866,-0.0246590891436391,0.0204581497992596,0.0454778350921074,-0.0160520724769531,0.000231726828318916,0.0649503021345039,-0.0854589175275435,0.0396118263243076,-0.00645049349865733,0.00855313116873189,-0.00427495122494336,0.0508756719532907,0.00360747538108365,-0.0327343851710829,-0.00554842236296168,0.102303851132601,0.0571803411989151,0.0641147625730943,0.0453122375537343,-0.00426554142186312,-0.0177456614964706,-0.0226772871972209,-0.006076709129177,-0.000945443798666764,-0.0183472167989722,0.0590994063242093,0.0678269571669719,0.0753911449927366,0.0107780337219621,0.0574653223002774,-0.00701055333218457,-0.0126934281863373,-0.0064799269178833,0.0630596653819132,0.0287931369845461,0.020863440605011,-0.00627333491006312,0.00531480695115899,-0.00719488269936113,0.0319568034019314,-0.0290796375274725
"15",-0.0263899890118155,-0.0773311311791253,-0.0336447604801395,-0.0623702510588793,-0.00164070616111532,-0.00358250498753824,-0.0301077323928373,0.0123547729785448,-0.0226887090597845,0.00671389472987825,-0.0136476786332121,-0.00707112582623664,-0.0299715349671573,-0.0266279082967167,-0.0384106865683842,-0.00254144357798068,-0.0385670518144626,-0.0089716919206492,-0.0265163103093046,-0.00131292199659887,-0.033739968047833,-0.0588186991358878,0.0104253638381484,0.0324914863829092,-0.0159646389228,-0.00569387867818427,-0.0194665190040432,-0.0615607108414177,-0.0152305241056873,-0.0401791752111331,-0.0197287836451879,0.0406274816896013,-0.0328601734136056,-0.077431762278892,-0.0270110331604953,-0.00579758506090217,-0.00578018862181013,-0.010133036325052,-0.0267072603939551,-0.0128143298028696,-0.0342269524135044,-0.0330523997829415,-0.00615917194827538,-0.0247382784940806,0.0139212926134748,-0.0332343869335601,-0.0263220014717878,-0.0270578561407142,-0.0179292517237265,-0.0773476410341985,-0.00428594862848813,-0.0200660412924294,-0.000356342245542942,-0.00813873693351678,-0.0188157196062267,0.01498376715967,0.0295494190142563
"16",-0.0352111790213142,-0.0635456132003183,-0.0462017619484791,0.0201249910456434,-0.0197671827673313,-0.0203642609920696,-0.0407287727868459,-0.00335435321319002,0.0171057691936862,-0.00578515259414273,-0.00554022955385949,0.00229875804651783,-0.0404625602052845,-0.0327346439129103,-0.0191049064605427,-0.017914998148575,-0.0192342090179487,-0.0382228266913315,-0.0354837881118616,-0.0261766618428899,-0.00952726282260273,-0.0403172953102526,-0.00355434723952883,-0.0859424352729852,-0.0332513587143662,-0.0145595032233064,0.0103627691957793,-0.0612062935370005,-0.0140459511844027,-0.0405921854793585,0.00877816069794942,0.106552883097903,-0.0454744584366268,-0.0646253580903286,-0.0344996098179447,0.00852084081528607,-0.0202517384277241,0.0121059823052886,-0.0154617739912981,-0.0061868965704294,-0.000424761257822298,-0.0438882453185563,-0.0250231996917499,-0.0121284824059869,-0.000677858091703961,-0.0450750526517479,-0.0153582280197552,-0.0173120006524748,0.00718117673553471,-0.0643880628832405,-0.0209122113212853,-0.0386561027776298,-0.03800977556631,-0.0607879326614564,0.00699124439467515,0.00898335117851508,-0.0167328508149026
"17",-0.0656463152062411,-0.0656471594169572,-0.0605811987694084,-0.0279033097211131,-0.037171027446866,-0.0465607176864309,-0.0609557407672282,-0.0681932220273797,-0.118009443123068,-0.0894236736634755,-0.0182084683229632,-0.133695347749775,-0.061158423739156,-0.066824458722277,-0.0179030977039165,-0.0370056416523218,-0.0185190433092613,-0.0331191871382161,-0.0653179794133923,-0.0379399356853412,-0.0600909662430159,-0.0559758362319832,0.0915432028172972,-0.0377725255384225,0.0228146264568077,-0.0804652385699416,-0.0917084358069419,-0.0760315288770114,-0.0519914265615613,0.0157719074729175,-0.0973937030218673,-0.151104869638179,-0.060058431232987,-0.0643656542817585,-0.0661419746336989,-0.084736380968593,-0.0342628663242193,-0.109413345546125,-0.0580256682258859,-0.147851463011632,-0.11879248755462,-0.0631564012353958,-0.059912271979244,-0.0917506100896001,-0.0644210673051578,-0.0616779992916924,-0.0576493351362699,-0.0625203727818925,-0.0950620046184958,-0.0646388003980679,-0.0838627909219507,-0.0764688139533289,-0.0101688160899241,-0.0343257979114002,-0.0951232868221471,-0.0343339530867865,-0.0982754315208819
"18",0.0976829444382269,0.1310314853258,0.108154237137601,0.177336253982271,0.0205762298038124,0.0254235448442975,0.106975641706394,0.0577387548720317,0.0526912087851992,0.0414107136712752,0.0288483184716804,0.0534453431446893,0.106344781043458,0.0956708173842272,0.0388903768713509,0.0205611963742556,0.0403917577906737,0.0550971950144795,0.0963580948253157,0.022869891917707,0.0981402475015278,0.0671643519573472,-0.0743002455007611,0.116012747992815,0.0183650585313677,0.0797407984468175,0.072062129108226,0.136086164458476,0.074083653164847,0.0560000241301776,0.0714151067587649,0.0857110779731889,0.106684682963912,0.131184779261541,0.0968450143688323,0.0518335935525166,0.0255618062382855,0.0422400572547908,0.0737407110076659,0.0652004770481492,0.0477949769726439,0.105553989516534,0.066856344312343,0.075266662281178,0.0596626312710716,0.107433261896842,0.0842095577609263,0.092539485447332,0.07067233268604,0.130718451247908,0.117770979256545,0.108039950990113,0.0152145007993436,0.0510861398275895,0.0701758089529118,0.0411231644908358,0.0737817727644926
"19",-0.0192074421662933,-0.0215169406597548,-0.0125888623557153,0.0191607754342419,0.0127913616056042,0.0173646632911158,-0.013084491597158,-0.0417655453082943,-0.0489923521661289,-0.0427312027074935,-0.0288517274716417,-0.0510423368852699,-0.0130067238964729,-0.0185997196130128,-0.0524559119884913,0.0115157879916437,-0.0539762036354082,-0.0458187715104638,-0.0172775733858717,0.0115698995671161,-0.0215508632325732,-0.00461846672882485,0.00697521893241563,0.041769920102182,0.00939774948361052,-0.0578087830616971,-0.05239172727593,-0.0296260309402206,-0.018006797250004,-0.0351055412055323,-0.0511848030384197,0.0427566758277188,-0.0120132894985021,-0.0218957108143341,-0.0196706963175839,-0.0567040945006184,0.006928566632775,-0.0292612242920237,-0.0205040104753476,-0.0215569062832675,0.0010636112223502,-0.0123974747385351,-0.0138090995052793,-0.0204411586639025,-0.0396132475850481,-0.0118809326087865,-0.021057644763283,-0.02796676310413,-0.0518999027370128,-0.0210653785251582,-0.00115691408753572,-0.0139733103376837,-0.0196365669717519,0.0221697350296678,-0.0509266316157547,-0.0213657820898213,-0.0536141929012821
"20",-0.0584377835686534,-0.0660462588639298,-0.0557821636087125,-0.104078526510633,-0.0900584533622782,-0.0918492095191646,-0.0561678134776819,-0.0696312887475845,-0.0593216862020713,-0.072496767270752,-0.0186866613682006,-0.0987636036275754,-0.0559460830636974,-0.0607811149138262,-0.0372648081054169,-0.0903520819374719,-0.0382725240979516,-0.0588806833905195,-0.0597862997833324,-0.091291140689001,-0.0712584847206032,-0.0430261098443135,-0.114446810986418,-0.0290928856971747,-0.0724609896811986,-0.0761627636646345,-0.0579365407136758,-0.082328514478052,-0.0390203628787746,-0.0513462146765999,-0.067222466770277,-0.066304890989347,-0.0561517287968826,-0.0652022969715001,-0.0587490548420549,-0.115036105984514,-0.0920159460022049,-0.0514274599383987,-0.0638469798760282,-0.165979783462633,-0.129606667957461,-0.0564285026468032,-0.0723334357145385,-0.0556049942821676,-0.068658728895266,-0.0565365280350343,-0.0621544465881276,-0.0623881076282475,-0.0666315970433313,-0.0655363887640276,-0.0674368134459809,-0.069208868549359,-0.0873252657215636,-0.0390107555513612,-0.0653332309440076,-0.0649965238374746,-0.102877474630089
"21",0.0443663594026299,0.0053487713349633,0.0469695228382709,-0.0441327487553745,-0.0413137441877184,-0.035774948273839,0.0481154188638712,0.0514288041704978,0.0912953846241554,0.0751578619479497,-0.00237303011290341,0.0758096183342511,0.0484794455967305,0.043982708562726,0.000402440282514088,-0.0413213647176273,0.00133486103513254,0.0310102422018453,0.0449883033746104,-0.0405749225461771,0.0135179322737663,0.0749159596545088,-0.193535238656265,0.0210268766012637,-0.0808963683777328,0.0514797269506847,0.0883832317409187,0.0413416776147253,-0.010920509433683,-0.0728539223873828,0.0776009308793864,0.160031068662139,0.0463990713119464,0.00514605696741772,0.0440180172389221,0.06695774424432,-0.0381646991024813,0.0761948670397203,0.00533877689862142,0.0713312804791085,-0.0584081594404733,0.0466640363962035,-0.011170185307161,0.0419909413842086,0.0491878111234402,0.0463165701038383,0.00444089893321181,-0.000909690670763618,0.0776035057064266,0.00551393134609875,0.0874928616585621,0.0575114603447864,-0.0745695107526595,0.00944170220053923,0.0760909271775111,0.0292263027363024,0.056373860714946
"22",0.00300647458693345,-0.0305106674602213,-0.0220079750025357,0.0497855685011211,0.0944290432482332,0.0893444715684733,-0.0201794635519454,0.0651285098068019,0.0829953393901039,0.0610564261605295,0.0164936892680913,0.0572700275603007,-0.0205211404260742,0.00548092773087728,0.0234160808840683,0.091744849880919,0.0237283685472651,0.0323235889346961,0.00275043782442614,0.0968318449776877,0.0407806329628882,-0.000984780065737881,0.221323045091803,0.00124520358647391,0.112393618782249,0.0752177381975136,0.0928014926332399,-0.0247261332709767,0.0460074209149302,0.013733473845836,0.0811076772931834,-0.0104781475547497,-0.0219439298428978,-0.0307328193724382,0.0026196988906201,0.0724150778656999,0.0954114582209922,0.0359126702136135,0.0526196801897359,0.0932007335065782,0.146638001809689,-0.0209543170414113,0.0925201160902618,0.00658263301368913,0.062077788862091,-0.0221528707643858,0.0522446471942332,0.0545461135536133,0.0818278069865866,-0.0308671646697483,-0.0192846479711309,-0.00223799858988756,0.124773935847415,-0.010743199401195,0.0799590045538072,0.0104019919751315,0.0721613317911691
"23",-0.0587279243561043,-0.0975343071690314,-0.0682973419489585,-0.0719708007899495,-0.0474652457495631,-0.0434509967895276,-0.066899294924107,-0.0412107769942967,-0.0346565138486728,-0.0145173810790085,-0.00634925444889245,-0.012517388453595,-0.0667089366959544,-0.0571996950794233,-0.0434181376480916,-0.0460934696686493,-0.0433313393023184,-0.0462330764540678,-0.0585809977948039,-0.0492946309842122,-0.0569192646605219,-0.050861259763953,0.00131106792236265,-0.0859711686419736,-0.0490204682322934,-0.0347263777959564,-0.0396378471982631,-0.0858693162272422,-0.0363041468503871,-0.044392885391151,-0.0325692820811564,-0.073989818240038,-0.0687197412206016,-0.0972026323957013,-0.0592796348331134,-0.0351954382788765,-0.0481827804286942,-0.0145936162425592,-0.0390097807505252,-0.0671897551112205,-0.0857351723441499,-0.0692834962513069,-0.0292478365379532,-0.0759760820965405,-0.0437418099761585,-0.0686902167767174,-0.0392489815584098,-0.0356146873101182,-0.0322584926430883,-0.096681632161636,-0.0779563199003206,-0.0566452972721642,-0.0108065578923722,-0.0422987143642134,-0.0319809718171194,-0.0392803392388553,-0.0194806114485637
"24",0.0476226726107121,0.0869271644116996,0.0425781651160489,0.0160361476454222,0.0664954521443387,0.0606180620849928,0.039041162506077,0.0477839292681784,0.0820587643678315,0.064341328207719,0.00646070362608173,0.0862638980679986,0.0389372670658458,0.0482705162358065,0.0209850048178278,0.0658495708324163,0.0206924069703399,0.011999275615019,0.0478393808082338,0.0684349743962941,0.0499541395023022,-0.0085598886713872,0.104938270486461,-0.0474891400359977,0.0845271731933822,0.0642195480351753,0.0912075996195131,0.0813168726631843,0.0206709301325161,0.0415400742371132,0.087790574644489,0.0175669116415467,0.0426925824877013,0.0871288930332337,0.0478412958675533,0.0672449442314466,0.0673700594898737,0.0624751536326985,0.0416064989408282,0.0885783842767163,0.0969428508978781,0.0429238211898165,0.0672035912480504,0.0655230708963869,0.0482155086702891,0.042502033981143,0.0500906141637786,0.0503283770913543,0.0866280512551493,0.0865486079717251,0.0881223725759924,0.0686017944939777,0.0421569874186861,0.0438361289787343,0.0870258180041686,0.0263018854490629,0.0299938673322809
"25",0.0059141721210899,0.0265316447458359,0.0097575173662992,-0.0380818860632555,-0.0509582865555655,-0.0436115119388825,0.00939826357202968,0.0221247757726289,0.0147988829455346,0.015839987978071,-0.0112150444889483,0.0302848524046797,0.00905286675889559,0.00498356171395448,-0.0236793786435747,-0.0509676245541276,-0.024512775296747,-0.000910898876594947,0.0066257625100507,-0.0484901951456262,-0.0181770567494671,-0.00360786182147583,-0.0899112442586161,-0.0309050193884332,-0.0476280712631872,0.0114528608739238,0.0172545711734941,0.031028880179645,-0.00553875189637233,-0.0263757213812035,0.0164546197344998,-0.0157962504268901,0.00979556057456012,0.027314230875864,0.00657805416661146,0.0107610968566333,-0.0500194924909415,0.00171977485152455,-0.0177921947088254,-0.0481382258644773,-0.000646284286896002,0.00848268225898059,-0.0481209682212485,-0.0206011062369895,0.0233952250791618,0.0103223851268064,-0.0180675372970016,-0.0205909615628329,0.0159247666097629,0.0276225585499868,0.0204011232273898,0.0131961562774303,-0.0253805234361079,0.00955105391364527,0.0154090431086463,-0.0145123171092039,0.0125372528186789
"26",0.00185303885947712,0.0564135056127934,0.001640487399026,0.00440993019622539,0.00698767630930291,0.00577532664519204,0.00284841887423041,-0.0266090686999773,0.0177783021500005,0.00438745839078566,0.013901783485001,-0.0397300590639202,0.00280829600343316,0.00154772749806234,0.024661361459204,0.00976820368579536,0.0247432954934627,0.0147453684716198,0.000758752097666562,0.00760308705384967,0.0345251649889545,-0.0175246814114565,0.0170628177264106,-0.0110612159382883,0.0209413213810391,0.00402131474083456,0.0210135043753292,0.0621181806508095,-0.0093836655467032,0.0224137021554972,0.00811481594196788,-0.0456049919011382,0.00165540660517665,0.0571497915126387,0.00125393583816282,-0.0533477385172191,0.00977140913256074,-0.0892809914929919,0.0217485086069502,0.0205518774466406,0.0145768717495848,0.000389183122929199,-0.0129830490078195,-0.0205128311003423,-0.0297729008474881,0.00160330876438817,0.0218543613687788,0.0147997821016684,0.00746965657282003,0.0565734117448741,-0.106025598285551,-0.0530136266377628,-0.00549414449753019,-0.0192198363745438,0.00684192465488867,-0.048079413368036,0.0447225884327605
"27",0.00259415560706818,-0.009094919528734,-0.00145283005563035,-0.081478609188863,-0.0264593842168305,-0.0232667434966059,0.00166431851303656,0.0342385746094745,0.0174676333366971,0.0329613269254993,0.00292256757968489,0.00689589982054809,0.00179689621012673,0.0032284277966225,-0.00192025369822459,-0.025843892958593,-0.00124577667666025,0.000807830382576758,0.00255038941426707,-0.0246074091439946,-0.0129142168421096,0.0132015442098706,-0.0662976580553435,0.0274992022308847,-0.0557956824650088,0.021576741998734,0.0166122054748038,-0.0161781488986099,-0.0126197423574273,-0.00627678648807189,0.0149734315831585,0.0222177065039905,-0.00117229934934725,-0.00972952202623033,0.00241742856272562,0.0324882337546045,-0.0260197517243524,0.0220558162590962,-0.0171205560445304,-0.030655698345278,-0.0545277701016072,-0.0010049370367435,-0.0132849608018005,0.0124353814253681,0.0351757741311907,-0.00146955387308689,-0.0169525981100393,-0.0111656328815674,0.0149049422089443,-0.00970164261520105,-0.0267580830931751,-0.0171216304117813,0.00362140699552794,-0.0167884049830286,0.0159880565904129,-0.00251967253254368,0.0351183288167459
"28",0.0240988182325658,0.113771765687577,0.0420631499847533,0.0135918555232971,0.00736763859975293,0.00891336861299541,0.0401658118123922,-0.0308734711155403,-0.0208151899718717,-0.0327302462512661,-0.000389105108451974,-0.027066280269933,0.0402237138038887,0.025327578967148,0.00379232101092782,0.00441291848419516,0.00382483711562411,0.0072415960937909,0.0253487388488785,0.000400252237207796,0.0671508956725734,-0.0164102538569151,-0.0739225845931703,0.0511850559239918,-0.0212074619179587,-0.0207046742338812,-0.0196492905062544,0.118634181798674,0.0232256173574838,0.00318761082109767,-0.0227623768783154,-0.0689670549634039,0.0417595663019457,0.113543058418278,0.0247514053968732,-0.0514838545309536,0.00463253218197362,-0.0192281139167411,0.0422999715599962,0.0742115372966995,0.0852849171515223,0.03874537238234,-0.0345482360733728,-0.0223909540203679,-0.032864287981636,0.0422520221620396,0.0422588383662428,0.029110916450284,-0.0225085230779617,0.113407796696723,-0.00460164853981884,-0.00012338415361256,0.0020061675923672,0.0278599330836123,-0.0222060392889083,-0.0391442902941771,-0.0274662595439094
"29",0.0378300716122698,0.0393288298186495,0.0419617289260281,-0.014055703948172,0.0259362521183146,0.0274249851771212,0.0408583680575883,0.0158708150376008,0.0310625871475586,0.015134456647896,-0.0049267728537898,0.0268699610038384,0.0408883915709673,0.0356358889499384,-0.0016489696785697,0.0279217778579094,-0.00179542671695892,-0.0030779657712171,0.0371892404315506,0.0279547180491067,0.0314114521435006,0.0397882036846355,0.0349067022320139,0.032767716581549,0.0544464559554761,0.0217288023782567,0.0433679630915369,0.035656876917539,0.00295811570572309,-0.0210835793922338,0.0385604878377517,0.0378218098464033,0.0424462668700572,0.0405216662308807,0.0368644233376089,-0.0117469523583787,0.0277692309949493,0.0319255220487028,0.0310006216003022,-0.00959887242366683,0.00600874054782194,0.0413241800312359,0.0234736818223945,0.0355633266313775,0.0134900202625029,0.0419164735902934,0.0316274731456456,0.0125053417879113,0.0383550847658171,0.0409538758520691,0.0806447813901622,0.0452238405051807,0.0377603162942348,0.0196602914072874,0.039292676835665,0.0221023160045206,0.0274662595439095
"30",0.0231743443033499,0.0274869327858078,0.024533768030888,-0.00678806132819587,0.0475465218415055,0.0480738391850162,0.0224644787061937,0.0248808238835585,0.0188809253351783,0.0240594756368407,0.00625392199471062,0.0311286140654952,0.0224300752862344,0.0228853169849825,-0.00312722254456608,0.047904149654773,-0.00302092381528901,0.00556905936811416,0.0232284668938366,0.0475023339850033,0.00136335960159103,0.0131820506765708,0.0909718204232481,0.0178810549728249,0.0540199534367033,0.0162439706899144,0.0180061928808565,0.0170316428802568,0.0115090910152765,-0.0322498342369933,0.0182237090258228,0.0522891569764343,0.0234919761426522,0.0285835974929075,0.0224798394194154,0.0417049361013704,0.0465672992927614,0.0184005042101794,0.00833771599048659,0.0500436173054862,-0.00184490685260176,0.0241704993081599,0.031707272110046,0.026083006301097,0.0233092552226859,0.0244035657040003,0.0161862320158335,-0.00132646299291213,0.0201563380064024,0.0273442644776159,0.0589818444630367,0.0353312139076636,0.0819805935112823,0.0124222274740993,0.0179784458835342,0.0431461516649762,-0.0069866487633101
"31",-0.00588989420136244,0.00403016928422689,0.0031925862927009,-0.112570295094352,-0.0514858792331115,-0.0445546208323325,0.00439622682452345,-0.0248808238835585,-0.0316692127807665,-0.00556972179262567,0.00171222977995602,-0.0236936595509369,0.00427981735427101,-0.00535994277790153,0.00357318351127768,-0.0506897322933547,0.0021836939663388,-0.00378361096868945,-0.00573341794721073,-0.0484541104186196,-0.0327426276350113,0.00461786069723421,-0.0859717997619297,-0.00640564149403619,-0.0465037765002334,-0.0248100670914319,-0.0405893905280469,-0.000662486192161728,-0.00657385981915311,-0.00900366861751942,-0.0317237691539296,0.033590228125536,0.00391873431079415,0.00328467382913151,-0.0055982800409442,-0.034893157202254,-0.0488170014295931,-0.0174606412441031,-0.0166752149199024,-0.066500687434356,-0.0336469487216306,0.0027217726951965,-0.0497667349662153,-0.0276087885433719,-0.0245158832298523,0.00289835877275541,-0.0161862320158336,-0.0185888401236996,-0.0311703590648808,0.00344275236138092,-0.0163644947477633,-0.0197707729541106,-0.0566119058964149,-0.00861304331556626,-0.0312596141729474,-0.0113999163124347,-0.0356848164119388
"32",-0.0162746844881298,-0.0231031903253659,-0.0205938860746987,-0.0686830261132706,-0.00350144724705921,-0.00215314321196004,-0.0212381908117541,0.0118956191192071,-0.0367334749464566,-0.0285279366946477,-0.0030840501658762,-0.0411875832025346,-0.0214124621552322,-0.0161580500292972,-0.0283530916825303,-0.00291908153693752,-0.0273835351301605,-0.0353589076771534,-0.01635865993981,-0.00479441789731681,-0.0116625982448705,-0.014944235148751,-0.00923830517028166,0.0347973227982356,-0.0249110548991094,-0.0187570407975408,-0.0289290446262158,-0.0414365654087189,-0.00697404729092411,-0.0510564765288342,-0.0321720114945689,0.0555760307679681,-0.0209946065362136,-0.023801335619405,-0.0171542390218281,0.0107803761583555,-0.00716410974272783,-0.0206954761286539,0.00798857259641594,-0.0239043008811094,0.00222066848682231,-0.0210338179206492,-0.00500715227465395,-0.00331372352512383,0.0157064361289239,-0.0203940086881513,0.00779962151211466,-0.00491398184722679,-0.0339239833583884,-0.0233463818134743,-0.0265196382018017,-0.0278989644478901,-0.0033201485153691,0.00616311291065873,-0.0330531925502125,-0.0181873656475976,-0.0407825488428826
"33",-0.0351070382140467,-0.0312035403783595,-0.033345143327478,-0.123088571837104,-0.0428532394598546,-0.0446673183860707,-0.0311896069079032,-0.0422688080101683,-0.0389413370244633,-0.0283400134992066,0.00381702150078206,-0.0480591191722243,-0.0316784448578131,-0.0358201287107883,0.00535215833732705,-0.0413944813655057,0.00504351252964096,0.00286041771589508,-0.035943474343673,-0.0423771727911896,-0.0360751585249302,-0.0220270224828374,-0.0438941555715044,-0.0272195379864505,-0.048497759578289,-0.036419633675221,-0.0278372262188794,-0.0184738852466775,-0.0112809149146237,-0.042604593940459,-0.0332416458692023,-0.0503320709845027,-0.0327517996961468,-0.0319278496212601,-0.0357546134448412,-0.0415777235153214,-0.0423762695979364,-0.0512932943875506,-0.0268088387747235,-0.0764609458106085,-0.0298578298794517,-0.0350629732775638,-0.0416929330428958,-0.060656545395043,-0.0424907333776147,-0.0335363084304972,-0.0257497704902996,-0.0258101206768827,-0.0348362275384513,-0.0316555453090193,-0.0697582050496474,-0.0666336719813806,-0.0401933868004951,-0.0283442297136388,-0.0349959590665013,-0.0431884847159976,0.000329009019088725
"34",0.0567905361131094,0.0708312402607357,0.0591262634425508,0.0615701167661604,0.0487771162130617,0.0533947319472009,0.055614996715336,0.0310028421412625,0.091561118932696,0.0737075907174789,0.0133904435789684,0.0800426576414391,0.0563130131586495,0.0582590039263992,0.03037474333084,0.0467552331007944,0.0303832468563852,0.0246633889516526,0.0578735177698038,0.0479503917267195,0.0609019752389737,0.0558944021479275,0.000821509009157335,0.0401814212437089,0.0395011348211504,0.0644248366972244,0.0796268817833674,0.0977857300237086,0.0286403343757632,0.0504523736398409,0.0765194558090128,-0.0335290817609891,0.0583894827013534,0.0717552636063327,0.0583006828078891,0.0663600553022722,0.0470963275994942,0.0682633981580627,0.0311963187872544,0.110925241362053,0.0862574436062735,0.0590248770946722,0.0288582064906241,0.0609117999666033,0.0310681015447384,0.0595117910133205,0.0301839323856774,0.0352776058005847,0.0782267062947806,0.0719194650014989,0.060563238415044,0.0587238027977181,0.0264123844460127,0.0201099428355861,0.0768224922005324,0.0591421354635499,0.0694094358239249
"35",0.0407663167640499,0.049592154947876,0.0406767724071639,0.0950048941510943,0.0237676702445606,0.0235454266964673,0.0386870063545357,0.030986183385057,0.0323193598995167,0.0296533123165181,0.0172952830056164,0.0528758216204772,0.0387967976015204,0.0401818457194829,0.0369712557305452,0.0247353346800495,0.0371911020416183,0.0279673321897692,0.040446920457704,0.0261251683461212,0.031945822048269,0.0348897914326456,-0.0436384431803646,0.0582830074853705,0.00789937595906921,0.0402627452939367,0.0328702760963051,0.038643916555829,0.0345111170351582,0.0632888773073332,0.0320770133057164,-0.00306173261029835,0.0434685713764148,0.0504273888118756,0.0396393817914024,0.04078148532213,0.0259968131992527,0.0346133715057086,0.0273492140981983,0.0561824219517115,0.0482780329441755,0.0407374275277547,0.0759222961915658,0.0535499040600003,0.0309092598335748,0.0405764329632681,0.0264712321839977,0.032447823077629,0.0337552157266846,0.0502488350480361,0.116209476915665,0.0818643543265069,0.0462489546124998,0.0333360451180444,0.0336153165055422,0.0606572384997108,0.0232056949203867
"36",0.0332837657731198,0.0391741151338915,0.038200186070532,-0.0895129172992522,-0.0196960596732259,-0.0137996378150851,0.0399159156915249,0.00638692771683661,0.00894443730057603,0.0120101080484168,-0.0010628154666692,-0.0123922662565799,0.0402630352934767,0.0318201302905525,-0.006976347031977,-0.0200875676555955,-0.00771774759502198,-0.011827116632995,0.033384901887753,-0.023059109073385,0.0577865778076297,0.0721893892863551,-0.0781146001501046,0.0441850959188917,-0.0351959465076102,0.017530050733088,0.0272647595921216,0.0582746387468824,0.0104422576512485,-0.00154842373280045,0.020148734185304,0.0132389873358985,0.0361184561144553,0.0377799783675596,0.0333236414356864,0.00236074930800213,-0.0185003954872286,0.00869630864240133,0.0482442570116438,-0.0796210633381087,0.00452716590084877,0.0382382115879603,-0.0172152756778588,0.0214237537300802,0.00915366537201969,0.0380710758742155,0.0560127509571971,0.0410109281544858,0.0206243580912804,0.0379486084728208,-0.0176527085808636,-0.00589314869131145,-0.00446769660932007,0.011979915439316,0.0197541245211096,-0.000868512748249405,-0.0140411508953268
"37",0.0364155103292621,0.0430391795742916,0.0436836959103115,-0.0158883345107382,0.0378067461184374,0.0339098030294976,0.0432595311517424,0.000454615838122455,0.0447773835422311,-0.000216972935879243,-0.00701318032958659,-0.00208033282769225,0.0429088354397976,0.0364674771415245,-0.0107087294088385,0.0360341792717923,-0.0103309256616987,-0.00429937145694574,0.0363369403015119,0.0416357406776052,0.0666225955205755,0.0835876070657174,0.062379844674412,0.0272738990944606,0.0515302063154869,0.0165952814646021,0.0501632985420461,0.0524581170252928,0.00926501432048478,-0.0177324798660817,0.0332739070950094,0.0147876864683142,0.0433722652807305,0.0441942645839926,0.0365583941625354,-0.0206890465973804,0.0388271117138078,0.00345743483450909,0.0380850312938306,0.0698000518915747,0.0373247309427202,0.0415553492681173,0.00748779431737759,0.00271984275358673,0.000641517142452576,0.0433709686282794,0.0383985207486108,-0.00109502859060316,0.030456749214411,0.0436732004832655,0.0136200326932362,0.0258696637028129,0.0277809175887463,0.0146286145358812,0.0332779414862203,-0.0153294579533236,-0.0579009807638374
"38",0.0362300176399281,0.0183375004685581,0.0355341117132636,0.0133469916621989,0.0313939280174911,0.0290625271549345,0.0359868198415196,0.0492229980327173,0.0447983937120604,0.0358524771782562,0.00758738464929065,0.0480506314816236,0.0358997479189165,0.0359402140386125,0.00937639285588326,0.0308007622022328,0.00938382626704141,0.00950469735327074,0.0367829789494111,0.0323521161862081,0.0258052776419691,0.049770344272167,0.0234251421821359,0.0126584159736803,0.000719829358903081,0.0366671107883867,0.042901029884267,0.0248300088927774,0.0221414371276636,0.0116777288122066,0.0439269399348514,0.0847248168097633,0.0354849215965138,0.0192947836181279,0.0344757836801352,0.0599329709947712,0.0306687571820702,0.0476475767021402,0.0350421752079194,0.0502939098011632,0.0622249592153059,0.0349232091017039,0.0197396160651631,0.0424267316243279,0.0446468827248081,0.0362826489690114,0.0343593081876186,0.0227475710556608,0.0453174909157826,0.019794292674191,0.0513635675979058,0.0415085833830207,0.0104688135454016,0.0176193623271333,0.0443016216010459,0.0308146664876038,0.0435057119219224
"39",-0.0207268957572706,-0.0222875622892581,-0.0220058796893539,-0.0467432211713538,0.0117465205128968,0.0148569544298223,-0.0215801860739958,0.0295601611048749,-0.032307460641883,0.00126242753917856,-0.00474747013585367,0,-0.0219296845201253,-0.0210810749106286,-0.0134654825545219,0.0147362698051801,-0.0139029974069406,-0.00653306694413546,-0.021106527580897,0.0123370464024864,-0.0797161446248384,-0.0256424151504031,0.0665155938601995,0.0262201209312751,0.0110913290161011,-0.00857976073757657,-0.0235928026605872,-0.0349095331608366,-0.0142505891415914,-0.0495250155814857,-0.0196928082369666,0.0286653179845511,-0.0220368617517602,-0.0235075296492259,-0.0206414880152061,0.0166849552723643,0.00965864919868181,0.000660044947235893,-0.0414197854615052,-0.0487275070375875,-0.0157001536110419,-0.0215981280342874,-0.0100121347046821,-0.0188523329074196,0.0288929065666131,-0.022067794199114,-0.0412922869956456,-0.0310776740291838,-0.0147254635285955,-0.0236095120093123,-0.0494328848867725,-0.0380371142099933,0.0127543990750333,-0.0145122821026393,-0.0184005842613758,-0.00657323615522624,-0.00370894408424141
"40",0.0127565657288053,0.0210690034410524,0.00938745541857846,0.100031860022876,-0.00537397281539828,-0.00749950608480015,0.0113224741954397,0.0247575577038665,0.0284230141656602,0.0480289450080347,0.00240051779889923,0.0418752311146244,0.0116284600340114,0.0122416710595004,-0.00274994062320622,-0.00751433065705875,-0.0015108688313575,-0.00341594400584445,0.0128180870776226,-0.00622912582236543,-0.011955646149341,0.0246015136124741,0.0151757883906006,-0.00476469496248154,-0.00947363921930839,0.0374496232597334,0.0224024861753362,0.0403889458483435,0.00624179201792351,0.00942136783082755,0.0291144288740586,-0.0350072280432668,0.00955361162306675,0.0209630086457027,0.0126381818869799,0.0430274417989538,-0.00684410689283897,0.0386156707850853,-0.00068683607630608,-0.0479603041282845,0.0406019946939075,0.0088306638143925,0.0211728168443828,0.00218909523925453,0.0201717146941113,0.00921473329950715,-0.000994409196452715,0.000946528225629989,0.024984317306313,0.0210135913036315,0.0175550200261939,0.0176046519744573,-0.00299359846750481,-0.00454616566415802,0.0293066013870014,0.0178645988637443,0.0336435828809928
"41",0.0479888882544344,0.095462229146723,0.0671729619098703,-0.0790773848773533,0.0526493190357435,0.0513212136046364,0.0672531929279203,-0.00630398178455033,-0.014242142731717,-0.0315549295657025,0.00616687643079317,-0.0615551436493119,0.0674217458915422,0.0473381458623254,0.00383908263753541,0.0524947206899672,0.00301952956145118,-0.00579377263655054,0.0475302662088923,0.0498017314495962,0.0285824741255991,0.0642021458048647,-0.00819160934899342,0.0795854489585027,0.0165646373232091,-0.00803579385781982,-0.0172998365252966,0.120637109316781,0.0175409249561281,0.0381749078038111,-0.0248755142724513,0.00454907227849945,0.067211570845325,0.0960261628556615,0.0477159276674905,-0.00828294898175935,0.0530763296595663,-0.0416340356349912,0.0187493575903429,0.0918977617146252,0.112877969955449,0.0641748830554438,0.019633850745618,0.00528007528480539,-0.00573870373189559,0.0669342232642976,0.0192953655693053,0.0298251235994518,-0.0241796768159352,0.0960850003177195,-0.00743626945122888,0.00053183791259678,0.00931021475890343,0.025201024820974,-0.0252775460380529,0.00395154249685852,-0.01965298358639
"42",0.00197316964153479,-0.0375354317162919,-0.00388662948602965,0.0373369103334287,-0.00262182209788732,-0.00118729547153019,-0.0045533275453744,0.0300631503604554,0.0147609613469845,0.0365524541345378,0.0114021804199736,0.0236417620073129,-0.0046572544452087,0.00315025241542909,0.0220915644350707,-0.000713130243351816,0.0222226518212945,0.0177647029143091,0.0021116409042356,-0.00181922867217869,0.0290054153114725,-0.0317539826917238,-0.0296995809352909,0.0301700198567549,0.00282236641585308,0.0136521074068322,-0.00181932122520494,-0.0454349271204745,0.0111433847979487,0.0143763446227508,0.00441251182859979,0.00935027469326844,-0.00412649703072698,-0.0369642567303514,0.00179484254420677,0.0604529818935428,-0.00372834564961056,0.0358701913256293,0.0145450664340452,-0.00251839112308186,-0.0355926774592907,-0.00318302759695371,0.00682427185647207,0.0323281263990406,0.0303088870775003,-0.00369993857990586,0.0224348923341676,0.0381370621887225,0.00344119461752819,-0.0371375390152637,0.0937151160550417,0.0548337913543943,-0.00775243280265777,-0.000546740703603481,0.00374580744731883,0.0611892906151021,0.0614325794924174
"43",-0.00254056974369132,-0.017432087319419,-0.00775065508813106,-0.0132327863809309,-0.0152844751255261,-0.0153747670193044,-0.00756041238437768,0.00784005300301106,0.0207885724687268,0.01739510698209,0.00432665899209885,-0.00667212300250763,-0.00735961894710459,-0.00251943990218762,0.00233979238494582,-0.0149568150135218,0.00234316361696743,-0.00462119535255391,-0.00220767729198348,-0.0134045592368508,0.0102805401220662,-0.00404105392886576,-0.0184185418765999,-0.0136447281258074,-0.00105747936419622,0.0185447558755573,0.0157786776659479,-0.0114386198760982,0.00302110419080128,0.00942867837701663,0.0166373691371511,-0.0392416317795149,-0.00683077079869331,-0.0176668073316211,-0.00262222125991498,0.00318076833343901,-0.0153889832555106,0.00647546760846956,-0.00712439107947217,-0.0546467941617583,-0.0151318073064853,-0.00671754423003257,0.0149473070612805,0.0122281952418192,0.010992248371668,-0.00802460855511549,-0.00600828552721034,0.00279515489562505,0.0161293609628086,-0.0174020969755055,-0.0393281719600835,-0.0229122589416223,0.0247928729475424,-0.0048173347653025,0.0166847372676747,0.0234212717814518,0.0266342029210582
"44",0.0131993049654591,0.0224883910893844,0.0170533941335128,0.0232737841924598,0.0568904408268268,0.0486133263855368,0.0170875222690014,-0.00344736797518557,0.0219816681799108,0.0145229026434265,0.00925585337492486,0.00162697927751616,0.0171523087190446,0.0125822689610141,0.0137572413508929,0.0515174641365647,0.0136342540003643,0.013843492656344,0.0131263665380448,0.0519889559446202,-0.00628739005402222,0.0145718838884287,0.200278306162925,0.00648642858170514,0.109144581725713,-0.000723641382134079,0.0105795862220215,0.01661740058553,0.0122325065346538,0.00374496218706757,0.00959516901127735,-0.0388075317578497,0.0163059733489898,0.0222892383207192,0.0128678349142505,0.0112092386698456,0.0549496659324482,0.00875936447207406,-0.011351712903854,-0.0363229206205827,-0.00467154518021612,0.0172490043611112,0.0630567469502485,0.021126368763379,-0.00644470173641868,0.0173252653606618,-0.01207193385154,-0.0078165683640984,0.00975511164944786,0.0222910663833609,0.0137144408784351,0.0148256582255341,0.0632981264204059,0.0190630858605427,0.0096707217271294,0.0179577952373683,0.0400107930846327
"45",0.0121258070231796,0.0241221480945047,0.0279545874381992,-0.0896080471217234,-0.0208620874067437,-0.016035491424429,0.0262241622769759,-0.0300662448048087,-0.0137605185163143,-0.0329823279337844,-0.00258868636340496,-0.0352976922954803,0.0260443590526974,0.00963682438232007,-0.0107024871061513,-0.0174803637671134,-0.0106680915801054,-0.00895888439684329,0.0121602184697938,-0.016115792119567,-0.0284790679565064,0.0208975184450302,-0.015332263051005,-0.0591888156902601,-0.0362212634343184,-0.0382193685890692,-0.0353827823690318,0.0203306751656104,0.00290406721365372,-0.0284844967788851,-0.033796217763293,0.0319324322166048,0.0277761598487545,0.0245563319803044,0.0129312049474958,-0.0394191252876265,-0.0181476931506034,-0.0252272216049819,-0.0307159384904858,-0.0516252595456222,0.0400173989107709,0.0264131103229431,-0.0349789647541376,0.0085397940973156,-0.0281838927148517,0.0286585199196396,-0.0311950693334274,-0.0420319397417276,-0.0345096768424358,0.0239024962895561,0.0203843105049831,0.00405147447466477,-0.0335668152397309,0.0220764358319967,-0.0343994556186954,0.00917435896982671,-0.040570168242083
"46",0.071510930958079,0.0761360391296724,0.0848994576787831,-0.0280196260872717,0.0039512912590005,0.00789741823009638,0.0811409436605963,0.0412926771957075,0.0284367695436401,-0.0061906089518604,0.0113403426627661,-0.00131076169507441,0.0812370880543515,0.0701815187647679,0.0243143549531693,0.00705561482751875,0.0246882922375909,0.0186140832931693,0.0709709725825595,0.00281503319089131,0.0456252098282401,0.0666125710668525,-0.0123535786558613,0.0300323054502349,0.0290811971521243,0.012407645566311,-0.00257588723071191,0.0767556475915339,0.0426987848742455,0.0453539202525924,0.000789953744823496,0.0786265760040253,0.0852969075839632,0.0762436972410084,0.0710475962613775,0.044909939275856,0.00628562991549215,-0.0120552431859078,0.0529309446401812,-0.0160623885446884,0.0133029790040558,0.0849567128725416,0.0650764047596328,0.0913113453727475,0.0396873083922461,0.0843312470570103,0.0539030290007149,0.0479368817390002,0.000923595407584244,0.0766082236881491,0.117535890901891,0.0888292143914399,0.0281839790441735,0.0564601177186712,-0.000538587804601312,0.0544139949852511,0.00083899875732833
"47",-0.0116607188663158,0.0263221119142162,-0.010181132499524,-0.0545561887716705,-0.00134246138122081,-0.00186162635947036,-0.0084530950053708,-0.0178895319680197,0.0134981146164972,-0.015015945096356,-0.00172550061578106,0.00224595296713866,-0.00855070743040697,-0.0121535294607175,-0.0158776706070585,-8.02600343958238e-05,-0.0160646405225235,-0.0160274563890834,-0.0109693520593131,-0.000814037397085132,-0.00240291216136183,-0.0111835054597828,0.0337805413729766,-0.0266842587096689,0.0173643239372225,-0.00581088339168999,0.0164447157541038,0.0258896149100252,-0.00853594051174955,-0.0438757522195721,0.0111886413765345,-0.0807093659549208,-0.0101101351329002,0.0270017436857578,-0.012825981446301,-0.0178225970482172,-0.00198890598572646,0.00528765427856455,-0.0043130634827371,-0.0730394449139506,0.0281350833346918,-0.0115545104898948,-0.0432138203888233,-0.0497753426933921,-0.0173051738453352,-0.0102338900790597,-0.004256693123361,-0.0142309240984451,0.0113591702058946,0.0261202387998377,-0.0824116403320294,-0.0520140324504823,-0.000689318677658806,-0.0141019750999617,0.012447464512491,-0.0588404878548402,-0.0386116305086277
"48",0.0433557445462293,0.0300119698136714,0.0402623693328917,0.0017310817615547,0.0293044065868941,0.0199302077933647,0.0376330172463546,0.0590582185645163,0.0882687819179636,0.0533923512971966,0.00399160792536288,0.049066033762218,0.0374832658692916,0.0439337013135517,-0.00105069119239502,0.0302302984271199,-0.00113093409794138,0.00174983159785884,0.0433846780999164,0.0310879660015014,0.0229895532372208,0.0564562890090819,0.0361988163980123,-0.0338911228898568,0.0440842309733786,0.0612924301760082,0.0809623910284557,-0.00185052219464133,0.0212504070235164,0.014565168785973,0.0748187933677394,0.0537264805015261,0.0401036427777367,0.0294925644616631,0.0439554948254582,0.04380913811639,0.0322457467567086,0.0702255774846531,0.0211151570602874,0.0655903028216152,0.0125418359957205,0.0398965954283177,0.0323638276504617,0.0468606413383196,0.0560168108749968,0.0403551699590414,0.0300406987292779,0.0419560442856916,0.0741894605394105,0.0299692493879586,0.0543336026257671,0.0453324819213491,0.010175666804612,0.0374253262970569,0.0723392136790341,0.0169214076985665,0.0249619260441597
"49",-0.024848603135838,-0.0547702545602728,-0.039778067407043,-0.0306537262128153,-0.00515257415076446,-0.00685059597908628,-0.0370673032560501,0.0327328924829465,0.0366953599857416,0.028862252002704,0.00488926407951275,0.0287739577526571,-0.0369710577261282,-0.0240200299580671,0.00708140741456432,-0.00577500388746271,0.00682322661276094,0.0050573578028549,-0.0253709210845037,-0.00442363198204924,-0.0301593460893271,-0.0189614105715988,0.0893852190210562,-0.080933676832193,0.00790516151550674,0.0322229191983372,0.0351412558865967,-0.0508460487375386,0.014563984420857,0.0386303960329673,0.0339013455634751,0.00280385081663508,-0.0398197127574784,-0.0549237066959222,-0.0254936843587397,0.0288394038623277,-0.00250571128096446,0.0565017144615428,-0.00852998994866815,-0.00285881584512368,-0.040209236470091,-0.0395145823741033,-0.0154353115537602,-0.0248750814440541,0.0326854425185861,-0.0394236433078739,-0.00769150098353123,-0.00358553199615569,0.0323112886883753,-0.0543267519275206,-0.0563298394930921,-0.0465023275305155,0.00996043583481934,-0.000537110392168611,0.0336993960263529,0.00281867244956624,0.0211684434272628
"50",-0.0758188541370006,-0.105822444869062,-0.0925783405501238,-0.00683267555287759,-0.0195420385373705,-0.0224091520339529,-0.0906233151225595,-0.0222012460485206,-0.00395188890486852,0.0277188710215832,-0.00131399326291947,0.00912460103223911,-0.0908834688682896,-0.0732214741017085,-0.0180747204714094,-0.0208524955903166,-0.0183756136173981,-0.0149844996197956,-0.075442153242797,-0.0206853291426199,-0.0590623850935144,-0.0908092451302776,-0.0183888206746855,0.0417213852354611,-0.0429536274915465,-0.0327853041715844,-0.0232897609454066,-0.116465596489325,-0.0531072850853839,-0.0506201944869044,-0.0177624565805579,0.00424273456674315,-0.0924484731253098,-0.105147789470242,-0.0757595840704611,-0.00467467153374589,-0.0216551967578212,0.0446699974772527,-0.0299334353224234,-0.0243306656542684,-0.0988230996511135,-0.0909190177568661,-0.0477890768780847,-0.0434230690659521,-0.0201430065612757,-0.0932224795282301,-0.0296088350821597,-0.031081485954605,-0.0146711811744686,-0.105399632336344,-0.0969253537966041,-0.0691531182008891,-0.01990624772929,-0.0451827543489652,-0.0149454138062294,-0.0243760234540764,0.0533442420429491
